{"charts/iterations": 2441, "charts/learning_rate": 0.0003, "losses/ext_value_loss": 0.009985392913222313, "losses/int_value_loss": 0.008799772709608078, "losses/policy_loss": -0.01147284172475338, "losses/entropy": 2.2190656661987305, "losses/old_approx_kl": 0.0026162497233599424, "losses/clipfrac": 0.153594970703125, "losses/approx_kl": 0.0047499993816018105, "losses/all_loss": -0.024270914494991302, "charts/SPS": 5473, "rewards/rewards_mean": 0.005949490703642368, "rewards/rewards_max": 0.05497826263308525, "rewards/rewards_min": 0.0, "rewards/intrinsic_rewards_mean": 0.0006767126033082604, "rewards/intrinsic_rewards_max": 0.05074898898601532, "rewards/intrinsic_rewards_min": -0.0520566962659359, "rewards/num_envs_with_pos_rews": 120, "returns/advantages": 0.004342822358012199, "returns/ext_advantages": 0.0043049706146121025, "returns/int_advantages": 0.003785171080380678, "returns/ret_ext": 1.0349419116973877, "returns/ret_int": -0.0023369714617729187, "returns/values_ext": 1.0306367874145508, "returns/values_int": -0.0061221374198794365, "charts/traj_len": 1003.2734375, "charts/max_traj_len": 1418, "charts/min_traj_len": 0, "charts/time_per_it": 2.827631711959839, "charts/game_score": 1735.9375, "charts/max_game_score": 3050.0, "charts/min_game_score": 0.0, "_timestamp": 1731057837, "_runtime": 7315, "_step": 39993344, "charts/episode_return": 1000.0, "charts/returns_hist": {"_type": "histogram", "values": [1, 1, 0, 0, 1, 0, 1, 2, 7, 15, 6, 0, 0, 0, 0, 1, 0, 2, 5, 7, 28, 4, 0, 0, 0, 0, 0, 4, 0, 4, 13, 9, 0, 0, 0, 0, 0, 0, 0, 1, 1, 7, 0, 0, 0, 0, 0, 0, 0, 0, 2, 1, 3, 1, 0, 0, 0, 0, 0, 0, 0, 0, 0, 1], "bins": [560.0, 606.875, 653.75, 700.625, 747.5, 794.375, 841.25, 888.125, 935.0, 981.875, 1028.75, 1075.625, 1122.5, 1169.375, 1216.25, 1263.125, 1310.0, 1356.875, 1403.75, 1450.625, 1497.5, 1544.375, 1591.25, 1638.125, 1685.0, 1731.875, 1778.75, 1825.625, 1872.5, 1919.375, 1966.25, 2013.125, 2060.0, 2106.875, 2153.75, 2200.625, 2247.5, 2294.375, 2341.25, 2388.125, 2435.0, 2481.875, 2528.75, 2575.625, 2622.5, 2669.375, 2716.25, 2763.125, 2810.0, 2856.875, 2903.75, 2950.625, 2997.5, 3044.375, 3091.25, 3138.125, 3185.0, 3231.875, 3278.75, 3325.625, 3372.5, 3419.375, 3466.25, 3513.125, 3560.0]}, "_wandb": {"runtime": 7313}}